CID,SD,SD Z-score,DR,XC50,Activity,neut-smiles,Embeddings,# atoms,Max atomic num
1311429,29.43,3.964033888,4.181444221,65.85,Active,COc1cc(C=C2SC(=O)N(c3ccccc3Cl)C2=O)cc([N+](=O)[O-])c1O,"[-0.35491762, -0.3253803, 0.2840774, -1.0962428, -0.19690715, 1.6278081, 1.8690789, -1.7978367, -1.795481, 0.96114093, -0.9235483, 1.7131095, -0.6274557, -1.139317, 0.06724546, 1.5313444, -0.65301186, 0.96496546, -0.939149, -3.0413494, -0.9990111, 1.7869352, 1.4997696, -0.57532245, -1.1751829, -1.6682278, 0.8028939, -0.58111256, 1.1954418, 1.3015714, 0.3196897, -1.8013196, -1.5934932, -2.949346, 0.96515083, -1.6055889, -2.0931113, -0.27951995, 0.9116697, 1.6886002, -0.4460578, 1.3026423, 0.2684769, -2.5263963, 1.0727931, -2.1014793, 2.3086483, 0.14557512, 1.3161898, -1.7142944, 0.9992586, -0.20658392, -1.6919333, -0.93233335, 0.16434611, -0.16670871, -0.8620272, 1.3092285, -1.7332277, 0.58640695, 0.51269686, 1.0074514, -0.36106637, -0.84613675]",27,53
4402813,54.74,7.862609259,4.487182241,32.57,Active,CCOC(=O)NN1C(=O)c2ccccc2NC12CCCC2,"[-0.02358442, 0.2600706, -1.7011726, 0.14953347, 1.3448514, -0.6353005, 1.8416659, 0.91611344, 0.75074244, 2.0321338, 1.246039, -0.43716675, 0.05378687, 2.085372, -0.8036324, 2.700687, 1.5693765, 2.092691, -0.3971089, 0.7837362, -0.7819446, 0.6131176, 1.3049637, -0.28210962, -0.7585169, 0.76652026, -2.2135453, -0.551022, 0.6551359, 1.5570225, -0.5019063, 0.8749631, 0.24422637, -0.6678025, -1.5585688, -0.88198084, 0.34879395, -0.55776376, -0.9742914, 2.3832374, 0.19278507, 1.6906533, 0.0094852, -1.7166501, 1.3104184, 0.8409558, 1.7126709, -0.25407594, -0.3855294, -1.1318184, 1.9657875, 2.504215, -0.5350955, -0.0741332, -0.6084773, 1.7129216, 1.9620221, -1.4790521, 1.0627002, 1.0773754, 0.81255156, -1.3305144, -0.6775292, 1.3613737]",21,53
2310918,38.62,5.379597209,4.29191919,51.06,Active,C=CCn1c(=C(C#N)c2nnc3n2CCCCC3)sc(=Cc2ccc(O)cc2)c1=O,"[0.16771583, -0.54793072, 1.347666, -1.5113204, 1.3750242, 2.3438249, 1.30525, -1.2246249, 0.56531185, -1.7227433, -1.4801497, 0.29018328, 0.68420815, 1.7211932, 2.2566423, 1.8629787, 2.0955667, 1.3327308, -0.49338883, -2.2637384, 1.1244488, 1.7716472, 0.81889969, -0.085620321, -0.84318906, -0.6289953, -0.78631246, 0.44636628, 1.3113093, 0.38610536, -0.22058262, -1.0772651, -2.0592453, -0.81742513, -0.8255586, -0.37703922, -0.0023223218, 0.74541098, 1.3753737, 3.0571318, -0.87047434, 1.7019687, -1.8433429, -0.095963188, 0.24840499, -4.1913877, 1.7627896, -0.15348177, 1.5377425, -0.63575041, -0.49351206, -0.95739889, -1.9487984, -0.072275102, -0.6055668, 0.95456511, 0.32428589, -1.6748887, 0.56299186, 1.0782317, 1.1538143, 0.83496374, -0.089462578, 0.26833585]",30,53
748047,48.05,6.832128452,4.387428046,40.98,Active,O=C(O)CSc1c(-c2ccccc2)c2cc(Cl)ccc2[nH]c1=O,"[-1.0890602, -0.01624727, -2.0053551, -0.03066022, 1.5850803, 1.9044657, 1.8641653, -1.9886206, 1.079594, -0.67798084, -0.9236488, -0.41847712, -1.007208, 1.3556474, -1.1156384, 1.1746739, 2.2440135, 1.6695883, -1.2128867, -0.12435339, 0.21287885, 0.4867918, 2.1359754, -0.6661136, -0.2372489, -1.0728586, 0.7797864, -0.5819238, 1.6451565, 2.4195633, -0.50752324, -1.7303486, 0.09534065, -2.4688754, -0.1622225, -2.4257822, 0.85599154, -1.981088, 0.7611547, -0.4246444, -0.46238756, 2.2698169, 0.96750724, -1.0253615, -1.6955613, -1.8063935, 1.0773472, 0.32780734, 2.2421474, -2.5661416, 3.7240067, 1.3318849, -0.5335832, -1.2089962, -1.2301788, 0.95953923, 1.11792, -1.772281, 0.30312574, -0.05821382, 0.96557975, 1.7253567, -0.5162633, 2.5619147]",23,53
2102207,33.3,4.56014162,4.162537829,68.78,Active,CCn1c(CSc2nc3ccccc3s2)nnc1SCC(=O)c1ccc(O)c(O)c1,"[0.21415342, -0.7984998, -0.5079269, 0.18517831, 0.41887054, 1.2133218, 0.46563557, -0.08800916, -1.0927764, 1.8390632, -1.4445775, -1.9464344, -0.63198847, 1.6218721, -0.7176934, -1.1235126, 1.2616465, -0.35600305, -0.34173167, -1.8825852, -2.0706868, 2.2003183, -0.94120604, 0.71425134, 0.27046558, -1.1352895, 0.5830589, -1.1656238, 0.08435486, 2.3303316, -2.2747028, -1.3603004, -1.6178832, -2.478989, -0.01998881, -2.0286503, 0.69926506, -0.6111522, 1.580332, 0.8158363, -1.1359782, 0.7734337, 0.20692514, -1.8221887, 0.696924, -2.371208, 1.1866477, 0.44121295, 0.5281473, 0.9929054, -1.35679, 0.24891812, -1.1762422, -0.1905634, -1.0851227, 0.11366307, 2.3048027, 0.63323355, -3.0894482, 3.1080797, -0.35700926, 2.381348, -1.7487664, -0.50768805]",30,53
135420984,34.16,4.692610004,4.070121476,85.09,Active,CCn1c(O)c(C=NNC(=O)c2ccncc2)c(=O)[nH]c1=S,"[-0.46679196, -0.10106492, -0.9620694, 1.6094439, 0.86084956, -0.29711092, 1.3119696, 0.5178965, -0.5587885, 1.0211499, -1.8358188, 0.5021567, -0.5585156, 1.9331325, 0.85973054, 3.1370087, -0.5759178, 1.251665, -0.2643035, -2.2988105, -0.89328915, 0.92999625, 1.1979492, 0.35379082, -0.0099465, -1.0073504, 0.09763506, 0.67906773, 0.44767743, -0.01372708, -0.17848124, -1.1497294, -1.0354339, -2.5507615, -0.8750103, -1.0013243, -1.3440453, -0.18430749, 0.11624325, 1.091114, 0.06570651, 2.1349792, 0.4262286, -2.8425124, -0.6385632, -0.37717274, 0.8483428, 1.3120339, 1.5444814, 0.43100062, 1.3826661, 1.0944928, -1.3681568, -1.3067122, -1.4196745, -0.8922047, 1.2802011, -1.0414823, 0.58812433, 1.0547076, 0.1322564, -0.880355, -0.22118123, 1.927945]",22,53
16189301,96.64,14.31659219,5.492144128,3.22,Active,CC(=O)N1C(=O)C(=C2SC(=S)N(NS(=O)(=O)c3ccc(C)cc3)C2=O)c2ccccc21,"[-2.187285, -2.4844933, -0.76289326, -1.0477697, 2.4600914, 3.600343, 2.9986136, -2.303729, -1.601263, 2.461631, -2.8689318, 0.8608674, -0.7355342, 3.069339, -0.6055189, 4.0382557, 3.232599, 2.7159014, -0.69840544, -3.1609802, 0.38926822, 2.9292173, 0.97858995, 0.07204781, -1.2925448, -6.0904036, 1.8917156, -0.35650986, -1.366102, 2.860421, -0.2565044, -1.3792403, -1.5620193, -4.1571326, 2.851698, -4.0440106, 1.6805822, -1.252707, 1.6317693, 2.0212805, -2.209601, 2.7699854, 1.7379532, -3.9791543, 2.6673164, -4.5335555, 1.4423473, 2.0136678, 2.9633622, -4.1221075, 3.1697233, 2.457757, -1.2005881, -0.1112117, -1.1499602, 1.8771082, 2.8088512, -2.363294, 2.2748399, 1.218641, 1.0168867, 2.060742, -0.64408445, 0.6677618]",31,53
2263192,87.28,12.87484326,4.784626847,16.42,Active,O=C(O)c1ccccc1-c1ccccc1C(=O)Nc1cccc(-c2nc3ccccc3o2)c1,"[-1.1377528, -0.48944864, -2.420444, 0.41429424, 2.235095, 2.6000082, 1.9929978, -2.0753765, 2.2773316, -0.94451624, 0.33053163, -0.84683573, -0.18572094, 3.0862381, -2.0992255, 2.2886467, 3.1263473, 2.5522108, -1.4285753, -1.6434467, -2.4268632, 1.3802714, 2.8334913, 1.1602509, -0.6470584, -2.440447, 2.110343, -1.0633276, -0.6611347, 2.5911968, -1.1802121, 1.1191378, 0.13439968, -3.8436258, -0.55244344, -2.9208589, 2.6113708, -1.8941216, 1.8201133, 1.8610172, -0.93706954, 1.9654235, 1.2548935, -4.6902685, 0.27436143, -4.56006, 2.6564069, 0.9935346, 2.2671478, -1.4475579, 2.8155596, 3.3053374, -0.07301486, -0.976943, -1.5490775, 1.9683626, 2.236598, -5.1080284, 1.353961, 2.8745267, 1.571013, 1.5497131, -1.2899088, 2.4848943]",33,53
135472770,46.63,6.613401584,4.685922008,20.61,Active,O=C(O)C(Cc1ccccc1)N=Cc1c(O)c2ccccc2oc1=O,"[-0.880557, -0.34345913, -2.6715488, -0.48048922, 0.20281889, 1.7022963, 1.6641695, -0.82005095, 1.0439646, 0.8435109, 0.553894, 0.85778123, -2.0318124, 1.9052377, -0.9250625, 2.3740518, 0.9870137, 1.3435819, -0.72029644, -1.252844, -0.34153023, 1.1846068, 1.8458064, 0.438548, -0.6199704, -1.1359559, -0.17274551, -0.69622916, -1.2544218, 1.2782246, -0.5096443, -1.0349323, -0.55686575, -3.6890078, 1.4433264, -2.4788928, 1.0109526, -1.8247372, 2.4622927, 0.98484516, 0.00995273, 1.7935425, 0.35397097, -2.3593647, -1.343396, -2.1477306, 1.3445448, 0.7100693, 1.4038789, -2.8988984, 1.4345127, 1.0797695, 0.4243927, -0.16873701, -1.3973316, 1.2565567, 0.7642093, -1.8944713, 0.5819374, 1.2396239, 1.4640442, 2.1641068, -1.2986492, 0.74576604]",25,53
4882031,40.95,5.738494112,4.292089334,51.04,Active,O=C(NCc1cccs1)C1CCN(S(=O)(=O)c2ccccc2F)CC1,"[-0.6756569, 0.05193397, 0.5496224, -1.1881866, -1.6862563, -1.0023546, 0.33839676, 0.74571574, 1.5649056, -1.8663778, -0.5465723, -1.3129033, 0.61964566, 0.85109043, 1.7120531, 1.4979254, 1.5337931, 1.0594802, 0.38190487, 0.935658, 0.44055805, 1.3676796, 1.130786, -1.4411782, 0.05816045, -0.652472, 0.4108774, 0.7666603, 1.5486313, 2.291126, 0.40240645, 1.5024571, -0.15682429, -1.0614215, 0.34599873, 1.0854261, 1.4277034, -0.17251296, 0.22415566, -2.082745, 0.23011772, 0.02518101, -0.26004666, -1.1838379, 1.5704921, 0.898852, -2.1159759, 0.35267296, 1.5936893, -1.2214886, 1.6739473, 1.5337296, 0.60830593, -0.02192679, -2.363021, 1.45012, 2.1883664, -2.6196346, 1.0951273, -2.9123223, 1.3362845, 0.9563096, -0.35594678, 1.7771314]",25,53
4969416,50.58,7.221831956,4.711080394,19.45,Active,O=C(O)CSc1cc(C(=O)c2ccccc2O)cn2c(=O)c3c4c(sc3nc12)CCCC4,"[-0.4903065, -0.997839, -1.8448293, -0.6455958, 1.2566375, 2.5091605, 1.5424141, 0.75001824, 0.01519252, -0.7495666, -0.8421291, 0.5827377, -0.606953, 2.0297625, -0.8819511, 2.182971, 2.0387552, 0.7961471, -0.7425717, -1.7959965, 0.02793946, 1.0970075, 2.3550522, -0.9011174, -0.5897467, -1.2055475, 1.3891327, -1.4246775, 1.8919548, 1.789632, 0.29656294, -2.5978057, -0.31576234, -5.911203, 0.5646797, -3.7645712, 1.3778485, -3.7674553, 1.1934794, 1.3826233, -2.434291, 2.6873748, -0.08679435, -4.1545763, -1.4072675, -2.784712, 2.0401635, 1.8185482, 1.1719055, -1.5195559, 1.7030222, 0.747069, -0.3864072, -2.004257, -1.1710047, 1.2332281, -0.15399246, -2.700237, 0.52252346, 1.9299704, 1.6713293, 2.7624514, -0.8022768, 0.23412716]",32,53
135845991,55.7,8.010480945,5.515700161,3.05,Active,Cc1cc([N+](=O)[O-])cc(C=NNC(=O)C2COc3ccccc3O2)c1O,"[-0.7809897, -1.196704, -0.15258475, -1.5708741, 1.0351349, 1.5450253, 1.4794973, -1.5053593, 1.1276277, 1.0508962, -0.62930316, 0.73288333, -1.8614267, 1.7454615, -1.1709347, 1.3443217, 1.8368669, 2.1459897, -0.90333116, -0.5519345, -1.7653869, 1.6015444, -0.23541343, 0.5904848, -1.0190609, -1.218434, 2.1917505, 0.03718572, -1.9822116, 1.4469546, 0.28806093, -0.7849802, 0.53966296, -2.5871477, 2.006042, -1.2731115, 1.106732, -1.4490371, 0.35657665, 0.94067645, 0.4631538, 1.7768534, -0.7466855, -2.9972696, 1.9369272, -1.44699, 1.5338116, 1.1050143, 1.5857227, -2.0235605, 1.127899, 1.5401781, -1.5813985, -0.9284952, 0.1558453, 2.4778776, 2.2275496, -1.52132, -0.8132234, 2.0079367, 1.5467666, 0.0359309, -0.7053531, 0.9879639]",26,53
3641576,53.27,7.636180741,4.363813105,43.27,Active,COc1ccc(-c2[nH]nc3c2C2(C(=O)N(CC(=O)O)c4ccccc42)C(C#N)=C(N)O3)cc1OC,"[-0.29955313, -0.8469802, -0.37063733, -1.2274739, 1.2284443, 2.8504267, 1.4692816, -1.6050617, -0.30012164, 1.3462245, -0.7441534, 0.6613128, 0.42361745, 1.1814144, -1.6564611, 1.6110431, 1.7807335, 0.6978265, 0.23089899, -0.86539537, -0.73771715, 1.435449, 2.364939, -0.965694, -0.4702679, -2.164032, 1.7246025, 0.50194204, -0.94946975, -0.38384283, -0.19170627, -1.7026746, -1.7136042, -3.768574, 2.3888092, -0.754814, -0.05761221, -0.469202, 3.0687675, 0.9167581, -0.87516075, 1.5856576, -0.8062497, -3.172243, -0.30817747, -1.774235, 3.8281996, 3.2353349, 0.8545262, 0.72767717, 1.777762, 2.0082114, 0.02639751, -0.94636786, -0.20527907, 1.3955353, 2.295385, 1.6977172, 1.495679, 1.1036305, 1.3028765, 2.5821953, -1.1590842, 0.8087277]",35,53
5322224,39.65,5.538251205,4.265840487,54.22,Active,CCCCN(CCCC)Cc1c(O)ccc2c3c(c(=O)oc12)CCC3,"[-1.0162419, 0.70676816, 0.6702267, -1.6675999, 1.6077329, 1.3080345, -0.8886742, 0.54858065, 0.11471331, 1.7662618, -0.89798546, 0.08006828, -0.21965855, 1.2194269, 1.755423, 1.9060752, 1.7645252, -0.48878354, -0.61701, -1.2331141, -0.11105131, -0.6946696, 2.4210708, 0.38271764, 0.9401416, -0.6729162, 0.05759365, 1.8684918, 2.0644035, -0.13641438, -1.293357, -0.6524373, 1.0022072, -2.22222, 1.0413011, -0.5779029, 0.99252796, -0.12475093, 0.73315066, -0.4913701, 0.03376335, 0.46903077, -0.9623318, -1.601514, 1.3564925, -1.9432925, 0.7469512, 0.75656265, 0.936706, 1.3644165, 1.0143071, 0.3710176, 0.9994739, -0.4600074, -0.59604645, 1.9969311, 1.3468161, 1.2349564, 2.7426205, -2.6595314, 1.3621564, 1.3269219, -1.2710866, 1.0961396]",25,53
5846704,38.51,5.362653579,4.214883805,60.97,Active,CCN(CC)CCCNc1oc(C=Cc2ccccc2)nc1C#N,"[-0.65534365, 0.9790604, -0.7961108, -0.6614306, 1.532596, -0.161847, 0.33797246, -0.9419081, -1.3154018, 0.54150397, 0.14289217, 0.964113, -0.41905883, 0.4344243, 1.8684038, -0.8778405, 0.26839992, -1.7840283, 0.08391445, -0.06973177, 0.33797094, -1.4167379, 0.22643876, 0.157542, -0.15826148, 0.56314486, -0.88852257, 0.0449593, 0.3711541, 0.77080816, -0.84050536, 1.3843869, 0.6755388, -1.0970184, 2.434034, -0.24750306, -1.307985, -0.68222696, -0.620485, 1.3125298, 2.5708363, 0.21493037, 1.7075163, 0.76848656, -1.423197, -2.0505517, 0.34301803, -1.4082592, -1.3398168, 3.218552, -1.9592644, -0.93389595, 2.0196152, -0.02522286, 0.22506014, 1.0341226, 1.0380479, 4.176973, 0.23041582, 0.8365131, -0.18161854, 1.465006, 1.0334488, 0.12850666]",24,53
658921,38.58,5.373435889,4.640164518,22.9,Active,N#Cc1c(NC(=O)c2ccc(Br)o2)n(-c2ccccc2)c2nc3ccccc3nc12,"[-0.43266824, -0.34383884, 2.0127494, -0.36398146, 3.266964, 1.6050588, 2.191757, -2.7632735, -0.6680419, -1.3684336, -0.53347, -0.47113848, 0.3746986, 1.3170886, 2.8735013, -1.729229, 2.8140945, -0.6462776, -1.7662448, -1.8076258, 1.6355662, 0.75489944, 0.59584653, 1.0420848, -1.8409499, -2.4224792, 1.2067555, -1.1120594, 1.5447901, 0.648492, -1.9006346, -0.88282144, 1.1509205, -1.6780232, 0.3311407, -1.3319815, 1.5106064, -0.04256815, 1.2697108, 0.682638, -1.4734392, -1.2678772, 1.055709, -4.4216037, 1.5727543, -3.0066822, -0.16716969, -1.5275558, -0.5750313, -2.1955082, 2.3439043, 0.9723495, -0.16079907, -0.8949413, 0.547457, -0.09774951, 1.4902208, -0.51513124, 0.04088512, -1.5841292, 1.7289121, 1.5712619, 0.20250712, 1.8766578]",30,53
5541651,28.75,3.859291444,4.381428972,41.55,Active,CCCCc1cc(=O)oc2c(CN(CC)CC)c(O)c(Cl)cc12,"[0.0019810922, 0.33273208, -1.1811401, -1.5701219, 0.90455604, 0.92201054, 0.95794213, 1.2290308, 1.5074134, -1.7550994, -1.206943, -0.13590598, 0.37861916, 1.6997944, 0.086824805, 0.7004903, 0.48123357, 1.682447, 0.69563073, -0.32135934, -0.37267661, 0.73191017, 2.0697212, -0.3594524, -0.2478153, 0.1522824, -0.15564299, -0.075973161, 1.4099735, 1.5283833, -1.5403364, 0.10776465, 0.07787253, -0.5025456, 1.0147499, -1.5665498, 1.023904, -0.12138589, 0.60810882, 0.21069434, 0.24934536, 0.8871423, -1.4317548, -0.83444196, -1.494508, -2.4535639, 1.1658145, 0.73869109, 1.5689771, -0.46263912, 0.59200037, 0.67601246, -1.9944317, -1.3386458, 0.31968766, 1.7654868, -0.19682661, -0.54891217, 1.4732422, -2.4615848, 1.7229143, 1.7781404, -1.2362254, 0.70270616]",23,53
997247,35.29,4.866667301,4.245728131,56.79,Active,COc1ccc(C(=O)NNC(=O)CSc2nnc(-c3ccc(O)cc3)n2C)cc1,"[-0.49989012, -0.17023005, 0.17447959, -0.13477482, 0.9693913, 0.7271922, 1.7962403, -1.6060945, -0.8981893, 1.5275239, 0.09662202, -0.3127222, -1.0232201, -0.27095848, -1.8737879, 3.2149382, 1.3950171, 2.0516856, -0.39030582, -0.52998555, -0.8746767, 1.790868, 1.2601291, 0.7660089, -0.41769773, 0.04789443, -1.209195, -1.6052797, -2.1247938, -0.39985403, 0.20195624, -0.16652885, -1.5243849, -2.9203396, -1.676675, 0.48114026, 0.00594714, 0.4384613, 0.00568902, -1.4453135, 0.0774351, 1.1411791, 0.9465449, -1.0803593, -1.1726737, -0.40424612, 0.4693569, 0.40596405, 1.8484186, 0.75470924, -0.14633341, 0.25125444, -0.1264994, 0.30897537, -0.20800392, 1.4811195, 1.0114961, -0.21158233, 0.91560984, 1.749296, 1.5313882, 0.98583513, 0.01550229, 1.6459368]",29,53
9654850,41.16,5.770841044,4.410273744,38.88,Active,O=C(O)COc1ccccc1C=NNc1ccc(S(=O)(=O)Nc2ccc(Cl)cc2)cc1[N+](=O)[O-],"[-0.53069395, -1.792496, -1.6752037, -0.13028494, 0.97413266, 0.74477315, 2.6997113, -3.740723, -0.28196606, 0.9569014, -1.6750546, 0.30421382, -2.0706794, -0.02459712, -1.9093349, 2.8138506, 0.5036238, 1.2891407, -2.1703665, -1.0784221, 0.19702557, 1.4731284, 2.01206, -0.4921283, -0.3043913, -1.8989176, -0.9454303, 0.39593318, -0.69295293, 1.2452365, 0.23168357, -1.8603641, -0.6180962, -3.5893316, 0.29223946, -3.4844787, 1.6603396, -1.9133229, -0.2502206, 1.1399169, -1.0512207, 1.9958695, 0.51181597, -1.9779963, -1.8805671, 0.09958411, 1.8415382, 0.43780333, 1.5011383, -4.4032426, 1.8762451, 1.4745184, -0.44228926, -0.82936627, -2.545169, 0.3757602, 1.4567809, -4.9197807, 1.7629229, 1.9956489, 1.8759314, 1.5681199, -0.751468, -0.5421514]",34,53
135433338,58.17,8.390942468,4.674484337,21.16,Active,COc1cccc(-c2nc(SCC(=O)Nc3nc(-c4ccccc4)c(C)s3)[nH]c(=O)c2C#N)c1,"[0.20246972, 0.10858698, 1.2052548, 0.5092732, 2.6124282, 2.220386, 1.6626444, -1.1027548, 0.5009275, 0.6800238, 0.4803973, 0.403747, -0.7744273, 1.2910054, -1.5543456, 2.841445, 2.590802, 2.9214435, -0.82182103, -0.34134492, -0.2672618, -0.02238115, 2.108448, -0.06246714, 0.53653586, -1.3120382, 1.1555145, -1.9801803, -1.2347772, 1.8538388, -0.18698086, 0.7713377, -0.7000911, -3.609867, 0.9470948, -1.7874936, 1.3054576, -0.8079635, 2.4026856, -0.1600365, -0.5830729, 2.4756312, 1.5988204, -1.2023779, -1.099723, -3.4744847, 1.495768, 1.8445183, 1.7877314, 1.2751464, 2.2927427, -0.91826403, -1.3234507, -0.16699399, 0.5329706, 1.4239588, 0.48091093, -1.3656694, 1.9134216, 1.9810374, 2.0758605, 1.4046949, -0.5509309, 1.3312205]",34,53
135492054,30.21,4.084179632,4.257274869,55.3,Active,CCCc1nn(C)c2c(=O)[nH]c(-c3cc(S(=O)(=O)Nc4ccc(O)c(C(=O)O)c4)ccc3OCC)nc12,"[-2.6779788, -0.2679601, -1.9440466, -0.6280161, -0.71261036, 0.3116052, 2.3732085, 0.44495177, -0.37720546, 2.3661573, 0.01092223, -0.24083327, -2.4239018, 1.1047208, -2.3205712, 1.9607817, 0.69603115, 1.2213145, -1.1044141, -1.3512747, -0.89738774, 1.6502994, 1.9580415, 1.1719525, -2.2018301, -0.45807925, -1.0180359, -0.70821875, -3.2525039, 0.5153425, -1.2272245, -2.7985585, -1.5341153, -2.595009, -1.1009716, -0.91667295, -1.6404538, -0.17897171, 1.0554799, -0.8785578, -0.67219913, 1.88243, -1.1685473, -1.4303888, -1.462429, -2.818668, -1.3574227, 1.1959676, -0.7503245, -2.1058762, -1.1973959, -1.2053193, -2.2014554, -1.6639153, 0.6902309, 0.94896525, 1.3550999, -0.20714402, -1.5179912, 1.9445864, 0.30191544, 1.471746, 0.4072107, 0.05790446]",37,53
4598644,30.38,4.110365243,3.827397069,148.8,Active,O=C(c1cnc2n(c1=O)CCS2)N(C1CCCCC1)C1CCCCC1,"[-1.9380563, -0.01906958, 0.82539755, -0.2783333, -0.30561614, -0.83465564, 0.2473439, -0.06994523, 2.0617802, -1.4381521, -1.086486, -1.7891173, -0.46316895, 0.09690827, 1.1872088, -1.55638, 0.11306386, -1.3552002, -0.1785106, 1.7111382, 0.7674872, 1.8942589, -0.09990351, 0.6509841, 0.27604315, -1.5315878, -0.43218908, -2.0450442, -0.8050356, 1.6467806, 1.5784898, 0.896972, -1.4453163, 0.9193379, -0.72696656, 0.98244053, 1.4431227, 1.8029983, 0.49236804, 1.3891784, -0.9161081, 0.5511459, -1.2351598, 0.39099357, -0.9084478, -0.46046746, -0.4744046, 0.9700798, 0.89155895, -1.2269673, -1.6991231, -0.16013773, -0.23592716, -0.03436693, 0.10099427, 1.2528224, 0.1958296, 0.60496867, -1.6321872, -2.0774627, -0.57473385, 0.24148874, -1.285352, 0.68010885]",25,53
2978460,71.05,10.37488758,5.560667306,2.75,Active,O=C(O)c1ccc(NS(=O)(=O)c2ccc3c(c2)C2C=CCC2C(c2ccccc2F)N3)cc1,"[-0.36018524, -1.534781, -0.27168915, 0.6665911, 1.2454697, 1.1738242, 1.6461726, -2.1958244, 1.3731933, 1.5144103, -1.2890424, -1.4695303, 0.35217896, 3.3095577, 0.57758063, 2.3986323, 1.3659452, 2.1420722, 0.13745426, -0.8411969, -0.75764996, 1.4040377, 1.3886441, 1.047366, -1.3261586, -2.745566, 1.4128219, -0.83392656, -1.4945278, 4.117503, -0.81411606, 1.6797419, -0.31475985, -1.9221015, -0.19294938, -3.1264496, 1.6485695, 0.0151418, 1.8911117, 3.3286636, -0.14873564, 2.131513, 0.6913062, -3.1792395, 1.5243129, -4.4004755, 2.0742104, -0.95098555, 0.9275572, -2.9168522, 3.0933304, 3.2531126, 0.13451888, 0.5006481, -1.2367874, 1.7368941, 1.370907, -4.3166566, 1.5133762, -3.1192365, 0.3462885, 1.7415612, -2.0061557, 1.8021408]",33,53
1958984,42.78,6.020374513,4.239728339,57.58,Active,N=C1C(=Cc2coc3ccc(O)cc3c2=O)C(=O)N=C2SC=CN12,"[-0.7852491, -2.7611995, -2.294633, 0.05927074, 0.66657203, 1.0429102, 1.2944412, -0.5010052, 0.7106106, 0.6314396, 1.4032644, 1.0743589, 0.16963217, 0.97822374, 0.5428567, 1.3629365, 0.48721096, 1.9288749, -0.84815943, 0.55637044, -0.3931063, 1.9059312, 1.5083477, 0.6584647, -0.68972147, -0.5439268, 1.7675633, -1.3043187, 0.4324421, 1.3848876, -0.44075364, -0.77134204, -0.5463719, -2.2453322, 0.02237293, -0.8264744, 2.2589676, -1.8740057, 0.8142837, 0.8520181, -2.8382967, 1.7840475, 0.50676084, -2.851035, -0.22884251, -2.4117544, 1.1887364, 1.50019, 1.4409117, -2.4281933, 2.3345966, 0.9722893, -1.5933278, -0.541109, 0.5302663, 0.21800172, 1.7331033, -1.8895113, 1.0943521, -1.7749158, 1.5769687, 1.9283572, -0.13956143, 2.173389]",24,53
788071,39.21,5.470476683,4.484391051,32.78,Active,Cc1cc(=O)oc2cc3c(cc12)OCCN3,"[-0.00020832295, 0.048769802, -1.2599446, -0.87817144, 1.569729, 0.85093045, 0.80761868, 0.30429456, 2.0331836, -0.1401756, -0.63743299, -0.31679836, -1.4921758, 0.34994882, 0.7761389, 0.80347872, 0.90842801, 1.4675857, 0.17508638, 0.58095819, -0.25236037, 1.1145658, 1.2799473, 0.13686305, 0.026502237, 0.42586124, 1.182168, 0.69634563, 2.0203581, -0.28645575, 0.25498331, 0.87676972, 0.47244453, -0.66799653, 0.45570496, -0.42679077, 0.59974456, -0.24500664, 0.48811042, 0.84792984, 0.051360246, 0.98982978, -0.53830755, -1.2266471, 0.31600198, 0.29726481, 1.3110719, 0.92509216, 0.94708019, 1.2822976, 2.5726187, 1.3929524, -1.3604747, -0.13819899, 0.23913397, 1.3694814, 2.8342705, -0.73649389, 1.1608994, -1.3573793, 0.31979448, 1.1945491, -0.11864344, 0.90258706]",16,53
1967568,29.02,3.900880356,4.209433375,61.74,Active,Cc1nn2c(N3CCN(C)CC3)c3c(nc2c1-c1ccccc1)CCCC3,"[-0.08160258, 0.08495894, 1.3552724, -0.01786473, -1.4188614, 1.7940395, -2.682425, 0.35652193, -1.2361354, -0.73372036, -1.0059175, -0.41350514, 0.3393079, -0.07049827, 2.260718, -1.667736, 1.4686271, -0.51278657, -1.0571398, 0.45255908, 1.3587465, -0.09953472, 0.4640434, 2.0344973, -0.46531108, -1.1332954, 1.7034863, 1.4338187, 0.17377384, 0.40444422, -0.14086019, 1.3773433, 0.6113958, 1.8541393, 0.517779, 0.4103595, -0.9499491, 0.43408215, -1.9089404, 1.1665725, -1.2089537, -0.80667365, 1.0035461, 0.4642334, -0.6888471, -1.5469756, -1.2356629, 1.3236479, -1.5781639, 1.5294842, -1.6360837, -0.16492036, -1.2060859, -0.5651265, 0.25883678, -1.2379632, -0.55238193, -0.04957679, 0.23986393, -2.049236, -1.7485049, 0.6449401, 0.9112054, 0.43099308]",27,53
6407879,31.98,4.356818052,4.210560315,61.58,Active,O=C(CSc1nnc2c(n1)[nH]c1ccccc12)Nc1ccc(S(=O)(=O)Nc2ncccn2)cc1,"[-1.4445885, 0.17921162, -1.1299357, -1.2181044, 0.49297243, 1.4730397, 0.74216026, -0.3941989, 0.8439091, 0.6681063, 0.5434759, -0.6452034, -0.25688326, 1.079984, -1.7976239, 1.3536773, 1.5030528, 2.4541276, -2.3687232, -1.0127877, 1.5078197, 0.71921104, 2.1332474, -0.68703485, -0.8378031, -1.7155194, 0.9677062, -1.9865439, 0.22248992, 2.2723718, -0.85063165, 0.04231754, 0.78015506, -0.555338, 1.3746976, -1.2043874, 1.0079169, -2.4135888, 0.30440035, 1.0159192, -3.7507489, 2.3066895, 1.2761055, -2.40424, -1.3154854, -4.480442, 0.24077758, 0.86530364, 0.1429935, -1.9856231, 1.7264386, -1.4579118, -0.0135314, 0.20392111, -2.205178, 0.93047905, -0.6857714, -2.3045897, 0.146049, 2.586404, 0.21341261, 1.4037876, 1.1995169, -0.53862154]",34,53
24260,36.33,5.026861627,4.302247726,49.86,Active,Nc1ccc(-c2nc3ccc(N)cc3[nH]2)cc1,"[0.5264378, -0.4144495, -0.39769575, 0.33629626, 1.4074482, 0.10278211, 0.81475055, 0.85564566, 1.6538335, 0.16661254, -0.02390735, -1.0075455, 0.28411877, 2.3758783, 0.6734049, 0.77854073, 1.9220521, 1.6765773, -1.5120629, 0.3632065, 0.85398877, -0.25981507, 0.83099824, 0.6890514, -1.4548389, -0.4531708, 0.73796606, -2.3043506, 1.5601712, 1.3161501, -0.38760647, 1.8160365, -0.20173134, -0.1639015, 0.7808693, -1.6039492, 1.3556253, -0.47775954, 1.566137, 2.1613913, -1.1337354, -0.74698466, 1.1946597, -2.318507, -1.7795492, -2.6762564, 0.984927, 1.8150926, -0.0982632, 0.32187104, 1.2784381, -0.8619675, 0.20651498, 0.15613665, -0.01933621, 0.8938168, 0.94606423, -2.6655242, 0.1135269, 1.3576331, 0.30533448, 2.49182, 0.45614916, 0.9349494]",17,53
823528,40.29,5.636832329,4.319392571,47.93,Active,CNC(=S)N=Nc1c(O)[nH]c2ccccc12,"[-0.23834224, -0.70185226, -0.77032024, 0.7048612, 1.370521, 1.0196722, 1.881997, 0.30072996, 0.47093824, 1.16774, 1.3137689, -0.11860634, 0.08320944, 0.7974391, -1.2999976, -1.1766441, 1.6808752, 1.1589438, 0.0723393, -0.43195674, 1.0516763, 1.2554401, 1.0978736, 0.19164652, -0.31295142, 0.96904206, 1.8816954, -0.6336645, 0.42314923, 1.2052869, -1.1741865, 1.6564798, -0.4295965, 0.7364559, -0.39656198, 0.47189793, -0.2859071, -0.4801205, -0.78680336, -0.63698965, 0.72930086, 0.8459969, 1.3733324, -1.8063579, -0.8014557, 0.89843214, -0.99084085, 1.2201042, 0.5907522, 1.7932299, 1.1434782, 0.90797746, -0.22668202, -0.43967575, -0.14748916, -0.8317167, 1.6243869, -1.6523204, 0.9971757, 1.0266846, -0.8172509, 1.5162456, 0.206972, 2.131705]",16,53
2921012,39.84,5.567517476,3.983760809,103.81,Active,CC1=CC(c2ccc(Cl)cc2)n2nc(NS(=O)(=O)c3ccc(C)cc3)nc2N1,"[-0.92399853, -0.56509626, 0.066041663, -0.55883288, -0.5262273, 1.8160605, 2.3954489, -0.10824271, 0.14640838, 0.68276507, 0.13275318, -0.0023894121, -0.54424232, -0.36322939, -2.3728471, 1.3661603, 1.4960282, 1.8215727, -0.46208444, 1.7442701, -0.72691798, 0.60848606, 0.25720835, 0.14632311, 0.78127015, -0.5748077, 0.82786119, -1.0059576, -2.3848388, 1.530696, 0.25330842, 0.69486743, 0.34125495, -1.1765044, -0.19938591, -2.2955949, 0.93463737, -0.084829845, 1.3700271, -2.4360254, 0.84065902, 0.22985949, -0.80721533, 2.6437051, 0.92592305, -0.50249422, -1.2506926, 1.6874603, -0.89397597, -3.5787394, 1.2607394, 1.4504298, -1.41401, 0.23583397, -1.1373272, -0.87493223, 1.3269175, -2.7123895, 0.83865201, 1.166176, 1.3538771, 1.6188152, -0.19703776, -2.0006642]",28,53
16195591,74.76,10.94635003,5.00656377,9.85,Active,CC1=Nc2ccc(C)cc2C1=Cc1c(N)n2c(S(=O)(=O)C(C)C)nsc2nc1=O,"[-1.0819914, -0.23645784, -0.97143984, -0.91891545, 1.1344787, 2.1435206, 2.1607447, -2.2061265, 0.10608592, 1.5356677, -0.5197105, 0.41596144, -1.1399632, 1.0719849, -2.5016823, 2.3986588, 2.3416717, 1.9636371, -1.3718683, -1.182305, -0.26941812, 2.4863172, 1.1781529, 0.47528663, -0.3048149, -0.5462875, 2.4877505, -0.11804117, -0.8956307, 3.0359757, 0.3001136, 1.4573025, -0.39341432, -3.505925, 2.2215736, -4.9599195, 0.39416635, -1.4848092, 1.5610667, 1.9666529, 0.27435192, 1.9801416, -0.14527063, -3.3368132, -0.45014036, -2.6854336, 1.7283381, 1.8495467, 0.83458656, -4.0986915, 2.018681, 1.2641233, -2.2353318, -1.8285736, 0.02922236, 2.323436, 1.6792586, -2.4824958, 1.3842288, 1.7236661, 1.4096805, 1.6822511, -0.23868285, 0.5848609]",29,53
2859133,43.65,6.154383227,4.356942316,43.96,Active,CCOC(=O)C1=NN(C(=O)c2cccc(Br)c2)C(O)(C(C)(C)C)C1,"[-0.42832166, -1.7833781, -2.410569, 1.6934011, 0.7749276, -1.2426085, 2.0838432, 0.38821754, 1.5975547, 1.6487195, -0.3908022, 0.1462106, -0.392517, 0.14201114, 0.41932982, 2.3474672, 1.6667866, 1.8354778, 0.08048658, -1.621823, -0.8713013, -0.76340216, 1.6514628, 0.80143285, 0.39254802, 0.97328234, -1.1847821, -0.15687895, 0.02938258, 2.8540635, -0.7302044, -1.0587101, -0.07048231, -2.5111325, 0.7287708, -0.829273, 0.5657153, -0.7218277, 0.38677743, 2.081201, -0.3365891, 2.5749452, 0.52938354, -1.324598, -0.90409774, 0.8645313, 1.630126, 0.19758132, 0.6012394, -1.9698952, 2.9450476, 2.3782396, -0.72894955, -0.16355863, -1.0171378, -0.23247184, 2.5811236, -1.6288062, -0.52387553, 1.3253783, 2.0919209, -0.62822795, -1.0266482, 2.4489396]",24,53
3135990,61.53,8.908493367,4.653255945,22.22,Active,COc1nc(N=C(N)N)nc2c(C)cccc12,"[-0.24262562, -0.072859, 1.469379, 0.08068813, 1.7321157, 1.7513473, 1.6805091, -1.459396, -1.7572428, 1.507428, 1.3797591, 1.0491104, 0.88892865, 1.7233266, -1.5387537, 0.9950523, 1.1345925, 0.90533346, -0.52437466, -1.7527112, -0.45127305, 1.7594025, 1.6679708, 1.6971933, -0.5120872, 0.94843686, 3.0364769, 0.921989, 0.12698692, -1.9320741, -0.1158951, -0.9787202, 0.8718084, -0.84074694, 1.6325437, 1.2698971, -0.9648138, 0.0606282, 0.6244696, 0.9242377, 0.3020983, 0.9732985, -1.6181163, -2.8601384, 1.3304178, 2.0086274, 0.55392045, 2.246765, 1.5837831, 2.7341156, -1.1292489, -0.11154737, 1.2103549, -0.5472073, -0.45375854, 0.04882811, 1.1597887, 1.1149592, 1.2937075, 1.9149798, 0.45612738, 1.3966652, 0.04397801, 1.079152]",17,53
1381466,35.55,4.906715882,4.329475842,46.83,Active,Cc1nn(-c2ccccc2)c(Cl)c1C=C1SC(=S)NC1=O,"[-0.20081855, -0.11032687, -1.0731999, -0.5292511, 0.46140763, 1.2830687, 1.1531391, 1.7204456, -0.17467473, 1.7099121, -0.01182395, -1.018373, 0.38955554, 0.88864726, -1.1841152, 1.5860103, -1.9273876, 1.0637648, 0.10722736, -0.28990093, 0.6066477, 0.57387114, 2.319723, 0.29534748, 0.53963363, -0.5217407, -0.35862577, -1.0458068, -2.019066, 1.1752203, -0.33819133, -0.8406693, 1.2556841, -2.817283, 1.2801304, -0.99841, 0.24678104, -0.35979563, 1.0849539, 0.9425656, -0.8454296, 1.081075, 1.1576129, -1.4826336, -1.2541306, -0.5982159, 1.066288, 1.0116206, 1.2208555, 0.9898472, 1.2449585, 0.6966682, 1.0671397, 0.46859536, -0.83951735, 0.8444098, 0.92989254, 1.273864, 1.6274091, 0.9252044, 2.8594666, 1.3982639, -0.998245, 1.7853214]",21,53
5390001,39.91333333,5.57881323,4.181312337,65.87,Active,O=C(Cc1cc(=O)oc2cc(O)ccc12)NCC1CCC(C(=O)O)CC1,"[-1.3414004, 0.1082378, -0.8701484, -0.29557294, 0.80453515, 1.1578684, 1.7231091, -0.14480384, 1.0481459, -0.804862, -0.03265332, -0.7653601, -1.7515928, 0.64754415, -0.22779183, 1.1032516, 0.97615373, 1.9270358, -0.19772807, 0.6196322, -0.4053648, 1.674861, 1.1140286, -0.9059736, 1.0829829, -1.3054576, 1.1815423, -1.8374931, 0.6361758, 1.7322578, -0.07040469, 1.2876315, 0.43325534, -1.110177, 0.19547267, -1.3873476, 1.2249396, -0.34584874, 1.265137, 0.8994925, -1.6419461, 2.321615, -0.950413, -2.8216515, 0.70447546, -1.5900513, 0.56296885, 0.8644035, 1.3254925, -1.7632065, 2.244864, 0.9798667, -2.811011, 0.43095785, -0.11455541, 0.9718889, 1.7197416, -4.2175646, 1.5256959, -2.2882774, 1.2450442, 1.6180025, -1.0860138, 1.3741094]",26,53
2341832,54.45,7.817939688,4.607127255,24.71,Active,COc1ccc(Cn2c(O)c(C=Nc3ccccc3C(=O)O)c3ccccc3c2=O)cc1,"[-0.45713884, -0.00644968, -2.6136386, 0.09631242, 1.3131013, 0.7054221, 2.1594462, -0.5667475, 1.1964668, 1.7804499, -1.4435312, -0.6355049, -0.3735359, -0.09196489, -1.2979109, 2.3540847, 0.28105867, 0.8740154, -1.1143688, -1.1175976, -0.7399676, 1.3284763, 2.2867494, -0.1367243, -1.7747624, 0.27644396, 1.044463, 0.7029063, 0.13713765, 1.480166, -0.79578245, 1.1431742, -1.2999151, -1.201448, 1.2820642, -2.1343427, 0.39941955, -0.41431051, 0.7739754, 0.6375422, 0.3656592, 2.4470294, -0.67367584, -3.357555, 0.37692118, -1.8469261, 1.2107747, 1.9852349, 1.0398654, -0.9990438, 1.0706282, 1.7469686, -0.32347235, -0.9613499, -0.2861253, 1.4360319, 0.9139054, -2.4187877, 1.5899516, -1.3937726, 2.2232819, 1.5272003, -0.46786937, 2.274825]",32,53
135401370,30.55,4.136550854,4.076341578,83.88,Active,O=c1[nH]n2c(=O)c3c([nH]c2c1N=Nc1cccc(Cl)c1)CCC3,"[0.23914836, 0.26390865, -1.4599035, 0.0813606, -0.00953959, 1.2081492, 1.0739563, 0.17811841, -0.14314333, 0.759365, -1.5268444, -1.5056502, 1.0084088, 0.9744949, 0.31034023, 0.94685656, -2.0952644, -1.4023311, -0.5976133, -0.0830393, -0.2294038, 0.25111562, 1.0662831, -0.37965563, -1.1647766, -1.2687314, 1.2710979, -0.3602075, -0.5768548, 0.75973064, 0.24604228, 2.4578924, 1.0641618, -0.73612785, 0.4651978, -1.3932682, -0.639684, -0.6977086, -0.4662524, 1.5983648, 0.10806962, 0.14295149, 1.2330074, -1.5741361, -0.63973284, -4.4575205, 0.7366908, -0.16826248, 2.016545, -0.27383575, 2.1363356, 1.8940451, 0.7548372, 0.0853778, -2.475909, 0.06877896, -0.8191792, 1.2062261, 0.99796283, -0.73078114, 0.2204368, 1.2986728, -0.97730976, 0.92779166]",23,53
2929050,28.72666667,3.855697341,4.322393047,47.6,Active,C=CCn1c(=N)c(C(=O)NCCCOC)cc2c(=O)n3cccc(C)c3nc21,"[-0.054819904, 0.15110962, 2.5386767, -1.0154328, 1.3446128, 1.0611567, 1.0792934, 1.2759384, 1.1167344, -0.84668833, 0.23147218, 0.93333304, -0.17027077, 1.0141739, 1.7067864, 1.5239689, 0.54898864, 0.46857941, -1.7514141, 0.47517842, 1.8451793, 0.63552976, 1.1518373, 1.1344942, 0.004782191, -0.72999495, 1.4404457, 1.5040269, 2.006129, -0.93946326, 0.0016491889, -0.53387791, 0.73611611, -0.71061981, 2.011755, 0.65737832, -0.29968208, 0.24542721, -0.18797824, 0.48911786, -0.8488543, -0.77283174, -2.0387855, -0.76663268, 1.5123515, 1.9247943, 1.1430551, -0.20767869, -0.57484365, -0.25864843, 0.84206271, 0.44823575, -1.3474296, -1.3721367, 0.3134228, 0.42317504, -0.71710271, -3.515013, 0.43521598, 0.92527997, -0.33574888, 1.0334589, 1.9725565, 0.85160208]",28,53
135401474,53.59,7.685471303,4.440093375,36.3,Active,CCOC(=O)C1=C(O)C(=Cc2ccc(OCC(=O)O)c(OCC)c2)SC1=Nc1ccc(OC)cc1,"[-0.24517374, -1.6160159, -1.4980167, -0.6914969, 1.7966585, 2.814102, 2.98929, -0.7364698, -0.97111934, 2.2324295, -1.8626708, -0.68646103, -1.346112, 0.77887005, -1.3708417, 1.6674997, 2.5746198, 1.497854, -0.49525487, -4.329775, -0.8671921, 3.2566473, 1.8827071, 0.48440495, 0.41472784, -3.8119211, 2.15335, 0.24458054, -0.5656268, 1.1049273, 0.4042209, -1.4186859, -0.5798778, -2.531545, 1.6509622, -2.6415436, -0.70713717, -2.517907, 0.95829844, 0.69707066, -0.4855895, 1.8589174, -1.1093905, -1.6382043, 1.3880415, -3.6147726, 2.6194549, 1.3859056, 1.8818697, -1.3342724, -0.61691934, 1.0626585, -1.3864177, -0.8780226, -0.91923946, 2.5218616, 1.0070974, -0.07174037, -2.3994176, 2.3760471, 1.3494436, 1.3352671, -1.5341346, -0.81488705]",35,53
1472462,56.19,8.085957117,4.570086302,26.91,Active,Cc1ccc(S(=O)(=O)NNC(=O)c2sc3nc(C)cc(C)c3c2-n2cccc2)cc1,"[-0.32684487, -0.14551876, -1.3844817, -1.1237888, 1.9493331, 1.8468186, 1.9375362, 0.25164706, -0.4599047, 1.2533581, -2.3343248, -1.6970001, -1.1410246, 2.0287876, 1.2595073, 1.8071328, 2.343007, 0.9316682, 0.00811759, -0.6278466, -0.11337393, 2.910138, 1.232426, -2.531954, -0.20424336, -3.968938, 1.6802659, -1.1927788, -1.9247859, 1.7798296, -0.97118247, 0.7408454, -1.0933131, -1.6498245, 0.31790313, -3.6303282, 2.6537359, -1.1239454, 2.801459, -1.2888299, -0.27444088, -0.8533485, 1.5949941, -2.7187724, -1.0948709, -1.8010255, -0.8567956, 0.68816894, 1.5301878, -2.7419043, 2.111228, -0.6864731, -1.7983803, -0.576999, 0.430782, 1.4511564, 2.7007098, -2.1497238, 2.7884188, -3.4014437, 1.7358556, 2.2305987, -0.53045994, 1.5256102]",30,53
5389516,38.56,5.370355229,4.42573717,37.52,Active,Cc1c(O)c(CN2CCCCC2)cc2c3c(c(=O)oc12)CCC3,"[-0.33060712, 0.47099248, -1.0800599, -1.839657, 0.8647386, 2.9224036, 1.5491987, 0.3618085, -0.62813854, 0.9522388, -0.7213093, 0.59124976, 0.8220905, 1.8301934, 0.12924919, 1.7383802, 1.4400245, 0.24224442, -0.15597616, -1.9115235, -0.51986754, 0.44663134, 1.921564, -0.14160582, -0.8426684, -1.1215458, 1.1289268, 1.3231025, 1.7986059, 1.0050921, -1.7274377, -0.9842163, -0.29133993, -2.3547757, 1.0538456, -1.5769607, 0.40954375, -0.12310493, 1.2616754, -1.1721046, 0.10561823, 1.2943769, -0.24439405, -1.5844499, 0.29098377, -2.1991706, 0.5691374, 1.5423558, 2.1678886, -0.09225225, 2.2767215, -0.14453298, -2.4898818, -1.3893356, -0.959549, 1.2239975, 1.5100721, 1.2608515, 1.2297626, -1.4424165, 0.0122114, 1.6168001, -1.0750966, 0.55855924]",23,53
2214229,83.43333333,12.28232963,5.163675884,6.86,Active,CCn1c(CNC(=O)c2cccs2)nnc1SCC(=O)Nc1cc(Cl)ccc1C,"[-0.09859684, -0.65424395, 1.9032943, -0.30164889, -2.1744192, 2.383191, 0.58252203, -0.9809168, -1.8214631, 2.745729, -1.73166, 0.07486844, -0.38851193, 2.7155132, 2.963203, -2.305222, 2.5637405, 0.7598434, -0.319096, 1.9969933, 0.7760197, -1.4131917, 0.9740725, -0.61681426, -0.01886405, -0.02657798, -1.213844, -0.01203317, 0.8148567, 3.0254486, -0.41404256, 1.7490926, -1.8223895, 0.64683956, 1.9295495, 2.2550623, -1.2847995, 0.06074616, -0.13437782, 2.2701075, -0.38733882, 1.7396903, -0.09123081, 0.8939769, 1.6233896, 3.4010742, -1.4802896, -1.4693686, -0.50521123, 1.8139677, 0.25485873, -0.65956885, 2.858017, -0.8897864, 1.1130859, 1.731919, 1.4176807, 3.2355459, -0.43832272, 1.8371333, 0.3891727, -0.91658187, -0.03913714, 0.84406143]",29,53
3682341,40.01,5.593703087,4.230548821,58.81,Active,CC(=O)N1N=C(c2c(-c3ccccc3)c3cc(Br)ccc3[nH]c2=O)CC1c1ccco1,"[-2.7704098, -0.85782349, -0.96835238, -0.46709692, 1.4616717, 2.781265, 0.47609356, -0.35455981, 0.083003625, -1.2717142, 0.55863118, 0.52613384, -0.027889838, 1.2017198, -1.0760751, 2.5327892, 1.5538049, 1.0417573, -0.60033685, -3.1238124, 0.35466793, 0.87178415, 1.5745194, 0.053464655, -0.3195914, 0.43893346, 0.28345731, -0.28402016, 1.8617177, -0.43125769, -0.7971158, -1.8206693, 0.146033, -3.2201171, 1.0271425, -2.6546652, 1.1221654, -1.2161742, 1.4674175, 0.65383935, -1.9872987, 0.56608897, -0.93603581, -0.38174489, 1.044709, 0.32236084, 1.4388407, 0.92902696, 0.76252699, -1.6150457, 2.2420006, 1.8037356, -0.71299052, -1.499307, -0.38747254, 1.2886622, 1.2603322, -2.7893083, -0.41155505, 2.0626962, 1.1966728, 0.60431153, 0.003111813, 2.2955332]",31,53
16746541,65.08,9.455310537,4.775985189,16.75,Active,CCCCCCCC(N)C(O)C(=O)N(C)C(CCS(C)=O)C(=O)NC(Cc1ccc(O)cc1)C(=O)NC(Cc1ccc(O)cc1)C(=O)O,"[-0.34977174, -1.7845267, -2.69832, -2.0208378, 3.429407, 3.3249526, 4.4656296, -1.4449677, 2.489041, -1.9512771, -2.671116, -2.0445962, -4.6319914, -1.0865086, -2.3504217, 3.736453, -0.9084439, -2.076043, 1.1251787, -2.686046, -0.32871163, -1.7999549, 3.533096, 3.1107712, -1.3325368, 0.134331, 4.786518, -2.648819, 2.0494583, 5.03748, -1.4356856, -2.2784653, -0.47775403, -4.974459, 1.8920106, -3.576785, -1.3036726, -4.6785884, 1.3011401, 4.269561, -1.8162665, 6.2321057, -1.0688808, -2.1868968, -2.1551595, -6.1306925, 4.9633656, 3.2559688, 0.54620755, -2.0705466, 3.4507656, 4.1438265, -0.8937518, -2.2077124, -1.8691429, 0.75841445, -0.7862633, 1.7995161, 2.0874786, -1.538721, -1.7225094, 2.3956215, -1.6649089, -4.0135155]",48,53
2937099,35.54666667,4.906202439,4.276298106,52.93,Active,COc1ccc(OC)c(C2C(C(=O)Nc3cccnc3)=C(C)NC3=C2C(=O)CCC3)c1,"[-0.6777491, -0.80537874, -2.9381866, 1.2431693, 0.880827, -1.4283619, -0.9716784, -1.8353516, -2.0967577, 2.0295076, 0.0673418, 2.1801584, -1.1165946, -1.0257171, -2.0818691, 1.0298845, -1.6041342, -1.1364253, 0.55190766, -0.00613658, -2.9201045, -1.0711734, -0.00521447, 1.5690931, -0.23481518, 0.19119203, -1.1965102, 0.27111554, -0.7442514, -1.3211931, -0.7456945, 0.09390865, -2.192198, -1.5304435, 2.1518917, -0.71537143, -0.777129, -2.1378639, 0.60606617, 0.67567044, 2.3649673, -0.17178935, 1.9516951, 0.2952707, -0.78760463, -0.8567419, 1.3270271, 2.8150353, 1.2352967, 1.6857405, -2.0070028, -0.1399087, 1.9028314, -1.0713204, 0.04224603, -0.12191284, -0.1589028, 2.407918, 0.42989412, 1.7907612, -0.21552683, -1.8710792, -0.568223, -0.5684275]",31,53
750944,35.55333333,4.907229326,4.182897596,65.63,Active,CNC(=O)c1cc2c(=O)n3cccc(C)c3nc2n(C(C)C)c1=N,"[0.5321136, 0.36950415, 2.017627, -0.8685621, -0.5880645, 1.6320751, 2.4210014, -0.16124181, -0.01617362, 0.791236, 0.39002538, -1.2667772, 0.36844128, 2.0182843, 1.0921588, -1.3329742, -1.2742901, -0.5957518, -1.0908488, 0.96462756, 0.15467952, 1.7217368, 0.67355835, 0.9314035, -0.17864309, 1.4176848, 1.517627, 0.70062673, 1.7257502, 1.0398822, -0.5696779, -0.01412116, 1.7345682, 0.456385, 0.03801109, 2.360532, 0.5087535, 0.39981332, 1.2473587, -1.5108372, -1.10221, -1.7758249, -0.07998678, -0.634186, -0.32302305, 1.253394, 1.659932, -0.514727, -0.79098725, 1.4392103, 0.33764046, 0.08413966, 0.43899706, -0.9584751, -2.0140631, 0.18541485, -0.7352874, 0.43665293, 0.33589843, 0.83160394, -2.6264138, 0.9036645, -0.12794502, 1.3597828]",24,53
1069150,28.91,3.883936725,4.022871099,94.87,Active,CC(=O)Nc1ccc(S(=O)(=O)Nc2nc3ccccc3nc2Nc2ccccc2)cc1,"[0.01089718, -0.7930708, -0.70366645, -0.52156824, 1.5001299, 1.3552493, 1.6069535, -1.0045282, -0.6555911, 0.7577572, -0.28646484, -0.7206478, -1.967241, 0.22295667, 0.81169283, -0.2700411, 2.0572882, -0.2688533, -0.52475566, -1.2779669, 0.08476146, -0.2929974, 0.7914562, -0.22431178, -0.9104644, -0.6657877, 1.2083856, -0.86643636, 1.0470676, 1.038045, 0.33983332, 1.8509446, 0.27668703, 0.1516219, -0.21032639, -2.9770474, -0.40089136, -0.1324323, 0.21219836, -0.262524, -0.6735156, -0.7831641, 2.7102892, -1.9478588, -0.72242224, -1.2139721, -1.267398, -0.2681147, 0.4735781, -2.333851, 1.7108874, -1.152075, -0.08997501, -0.49887952, -1.6559985, -0.40594414, 1.4334143, 0.46657395, 1.3600016, -3.710869, -0.29205734, 1.5875102, -0.02647099, 1.7989739]",31,53
9550725,50.87,7.266501528,4.57888987,26.37,Active,Cc1ccc(NC(=O)Nc2cccs2)nc1,"[-0.1887856, -0.7436552, 0.7750155, 0.03991525, 1.4057302, -0.34306338, -1.0354328, -0.51017886, -0.09008399, 0.91341954, 0.30439642, 0.8277833, -0.5315246, 2.12795, -0.2342148, -1.4851285, 1.6558189, 1.7051213, -0.6412418, 1.615072, -0.08251252, 0.6132953, 0.00320069, 0.26489526, -0.28342924, 0.14189626, 1.5110487, -0.13897969, -0.33466688, 1.5504363, -0.10648127, 1.1855148, -0.5611508, 1.9838351, -0.9487446, 2.1125245, 0.04728115, -0.01471699, 0.8571901, 1.0918721, -0.2073561, 1.395203, -0.32468095, -1.899369, 1.9214027, 1.1191633, -0.09798983, -0.55148894, 0.6193176, -0.3413852, -0.3090041, 1.1767758, 0.14085801, 0.16101594, 0.08323614, -1.1948957, 0.9598566, -0.23740266, 1.3300334, 1.0389696, 0.7154014, -0.26627913, -0.07042702, -0.4559327]",16,53
9658098,30.07,4.062615012,4.365623506,43.09,Active,O=C(O)c1ccc(-c2ccc(C=NNc3ccc([N+](=O)[O-])cc3)o2)cc1,"[-1.1289717, -0.66425854, -2.609269, -0.60898054, 0.05716941, -0.31909192, -0.5871854, -2.8103607, 2.2730393, 0.14455104, 0.34969845, 0.20245147, -1.1466893, -0.91189516, 0.5377684, 1.5834736, 1.0890977, 1.0027938, -0.6901391, 1.2327702, -0.66483974, -0.09915382, 2.7278454, 0.5237711, -0.7118591, -0.8195188, -0.07643116, -1.8110012, 0.35322726, 1.6016084, -0.85596746, 0.68477666, 0.8858472, -1.5085627, 1.579157, -1.3959447, 2.0095048, -1.6684994, -0.23802029, 1.1876006, -0.97386575, 0.1575637, -0.49298045, -3.0638285, -1.7729642, -1.1465247, 1.6254342, 1.3225971, -0.09201855, -3.0212946, 1.3363081, 1.5942812, -0.35315934, -0.42209092, -0.87181115, 1.5093393, 1.5802543, -1.8497247, 1.7191434, -1.4060563, 1.6658647, 1.0005964, -0.7455394, 1.128994]",26,53
3095577,55.16,7.927303122,4.53165267,29.4,Active,CC1(C)CC(=O)C2=C(C1)c1c(ccc3ccccc13)NC2c1cc([N+](=O)[O-])cc([N+](=O)[O-])c1O,"[-2.5976985, -1.8627304, -0.48437604, -0.9389276, 2.50515, 1.7688123, 1.9728584, -1.4208839, -2.3765485, 2.1442475, -1.8166213, 0.4504709, -0.29568782, 2.0618277, -2.0115821, 0.5132755, 3.0523555, 0.901576, -1.5177126, -4.4802485, -1.5854218, 2.2788696, 1.5943409, 0.28043866, -1.5544969, -0.48907596, 2.0381224, 0.4536192, -0.3962257, 3.171083, -1.9293298, -1.6814517, -1.7464353, -3.591292, 1.0292444, -3.2396252, 1.402677, -1.9622766, 0.48680565, 0.76226467, -0.68108296, 2.6169362, 2.37, -5.500776, 1.5398983, -3.7935522, 1.4727727, 2.3042881, 0.45755765, -3.3286946, -1.0763822, 0.6071998, -3.4528847, -0.8593627, -0.10344649, 0.6732044, 0.92846555, -3.767312, -2.0259247, 2.5167801, 1.8417428, 0.25604156, -0.88300544, 0.08027745]",34,53
666459,60.11,8.689766499,4.787013815,16.33,Active,Cc1c(CCC(=O)O)c(=O)oc2cc3occ(-c4ccc(F)cc4)c3cc12,"[-0.824024, -0.5638753, -0.8340956, -1.966753, 1.6928668, 1.619339, 1.8548409, -0.6507481, 2.1343577, 1.0659423, -0.29755017, -0.017461, 0.09277353, 1.8534079, -0.594592, 1.819522, 1.00445, 1.4060137, -1.000941, -0.75080955, -0.23624435, 0.9654801, 0.04393642, 0.79391813, -0.7083935, -0.98215085, 2.6672816, -1.1310152, -0.9422519, 2.1331954, -1.1086606, -1.3110312, 0.61609703, -4.1202044, 1.759158, -1.4863036, 1.74695, 0.27860054, 1.5506592, -0.22470747, -1.450614, 2.565307, -0.65716034, -1.8079597, 0.35871637, -2.9000788, 1.1851524, 1.953911, 2.0016165, -1.3651093, 1.4577955, 3.064614, -1.5991577, -0.8420058, -0.6150675, 1.0501053, 2.6899745, -2.0882165, 2.8070958, -0.7040746, 1.8723464, 1.790172, -0.28152058, 1.2057587]",27,53
9662919,32.51,4.438455545,4.311669182,48.79,Active,O=C(NN=C(CC(=O)c1cccs1)C(F)(F)F)c1ccncc1,"[-1.3309435, 0.18961936, -2.0311651, -0.45051101, 1.5375124, 0.0011947243, -0.13006242, -1.2188166, 1.308827, 0.41941792, -0.46752125, 0.13909154, 0.34030205, 1.1563822, -0.52821666, 0.585383, 0.22501984, 1.1069905, -0.98093325, 0.59026366, -1.2223923, -1.6332445, -0.12819901, 0.62223423, 0.59070987, 0.070165657, 1.5999471, -0.53313386, 0.11846176, 3.1700258, 0.0078400159, 3.3996842, -0.88768411, 0.32974377, 1.3717189, -2.4503348, 1.357612, -1.1011587, -0.72833288, 2.5587008, -1.1804117, 0.9087925, 1.1604518, -1.1138771, -0.9360351, -0.47756249, 0.75207573, 1.0661756, 1.0826783, -0.7082994, 0.96871167, 2.4118893, 0.18737856, -0.40696231, 0.15626818, -0.91840905, 0.022696422, -1.5361427, 0.12503625, -1.6207213, 0.71862745, 0.035110969, -0.64038509, 0.45262146]",23,53
1774431,33.87,4.647940433,4.282246307,52.21,Active,CC1=C(C#N)c2nc(N)c(C#N)c(C)c2C1=Cc1ccc(-c2ccccc2C(=O)O)o1,"[-1.024821, -1.493508, -2.3968391, 0.0081714, 1.4890746, 1.1620122, 2.1700897, 0.39119205, 0.4077916, -0.7547904, -1.408051, 0.4252769, 0.05937288, 1.2097808, -0.6145734, -0.24311164, 0.99038273, 1.0086529, 0.16510811, -2.3251684, 0.22695409, 1.8186662, 2.4437912, -0.43359205, -0.5693148, -0.69162196, 0.7800145, -0.3387709, -1.2574042, 0.6101327, -0.9392256, -0.2536748, 0.07897724, -1.4525616, 0.42600408, -0.78937405, -0.6950764, -0.5977435, 0.46688974, 0.9725821, -1.4065068, 1.6624746, -0.287864, -2.8937356, -1.2317144, -1.4880234, 0.22047041, 0.94351906, 1.5161284, -0.17569976, -0.83122617, -0.28953442, -0.19473985, -1.4010859, -0.44291297, 1.4853764, -0.3393037, -1.0186352, 0.93593276, 0.7707782, 1.0287014, 1.0285925, -1.5233747, 2.1134005]",31,53
135420980,37.19,5.159330011,4.415442639,38.42,Active,O=C(NN=Cc1c(O)n(CCc2ccccc2)c(=O)[nH]c1=O)c1ccncc1,"[0.074583292, -0.48863354, -1.0467143, 0.20861042, 0.82371271, -1.2029775, 1.00686, -0.096246019, -0.60197389, 0.81249183, -2.1248357, -0.0020651498, 1.3176677, 3.4137685, -0.11788541, 0.36051416, 1.8439929, 2.1993308, -1.3651946, 0.16812214, -0.50242221, 1.1268528, 0.97745812, 0.057608843, -0.16147572, -1.0616359, 0.17534296, 0.58781666, 0.99535745, 2.065114, -0.17981665, 0.87820882, -0.67095608, -0.9870429, -0.76345259, -0.0064136684, 1.7650146, -0.89563495, 0.75561523, 0.13734768, 0.23086013, 2.2616618, 0.25816676, -2.2569928, 1.7525698, -1.2832226, 1.3765131, -0.41306719, 1.8522063, -0.21891299, 1.6242373, 2.6339087, 0.46309933, 0.056346599, -2.1565855, -0.73809463, 2.5042243, -2.232291, 2.5005662, 0.6360724, 1.5278702, 1.0866569, -1.0643169, 1.6800241]",28,53
15944743,46.11,6.533304421,4.408378962,39.05,Active,COc1ccc(NC(=O)C(NC(=O)c2ccccc2)C(C)C)cc1S(=O)(=O)N1CCCCC1,"[0.21688455, -0.30762768, 1.2198343, -0.864637, -1.4151723, -0.04365951, 1.8363287, -3.5709658, -2.1443152, 2.5005999, -0.6168641, 0.29104224, -0.7760353, 0.10775561, -1.3000233, 3.387948, -0.70632356, -0.08738296, -0.9719799, -1.4991442, -1.2794048, -1.0174364, 1.3179114, 0.11502009, -1.0005841, -0.6062894, 0.9356921, -2.5715744, 2.6866896, 2.6221142, -0.42211622, 0.5751165, -0.39494103, -1.4784043, 1.1992394, -2.7321992, 0.16714115, -0.35395026, 1.3801645, -1.4800097, 1.2684047, 2.454124, -1.5451132, -0.9375757, -2.6789176, -2.394102, 1.8857603, 2.4031904, 1.5092084, -0.1601415, -2.152234, -1.3962901, 0.71497345, -0.12547918, -1.3879333, 3.117438, 1.9360037, 3.1800098, 0.35384896, 1.1326604, -1.8509117, -0.08656093, -0.17694558, -2.377096]",33,53
2130238,50.98,7.283445158,4.445753192,35.83,Active,Cc1cc(NS(=O)(=O)c2ccc(NC(=O)CSc3nc4sc(C)c(C)c4c(=O)[nH]3)cc2)no1,"[0.05498901, -1.5971882, -1.6740756, -0.9393931, 1.98327, 0.8554355, 1.863086, 2.666075, -0.15420145, 1.5763452, -2.774175, -1.4013076, -0.69983566, 0.99442935, 0.42406866, 1.659679, 1.4417603, 2.0064032, -1.1805844, -1.0527893, 0.05308857, 0.42059147, -1.4548875, -0.81584555, -0.4524784, -5.005704, -0.77655005, -0.43052128, -0.3829114, 1.6325144, -1.2304366, -1.3857336, -1.0652701, -2.652976, 1.1876144, -3.2941709, 2.2962606, -0.96523637, 1.0587289, 1.235284, -0.13176292, 1.6046879, 0.20408091, -2.4665637, -0.6969985, -3.8194046, 0.6670168, 1.7698133, 0.9690052, -2.2761922, -0.0617039, 2.256756, -2.368626, -0.26476505, -0.374217, 1.2456307, 1.5684888, -1.9047295, 1.950207, 0.44262123, 1.3932487, 1.9219613, -0.8674566, 1.1874602]",33,53
2877654,47.57,6.758192609,4.747632486,17.88,Active,O=C1c2cccc3cccc(c23)C(=O)N1CCCc1n[nH]c(=S)n1-c1ccccc1,"[-0.9017887, -0.10124497, -2.294109, -1.0635918, 1.380166, 0.96674716, 2.5067685, 0.43817624, 0.7979327, 0.983605, -0.40794995, -0.24738786, -0.25869343, 1.5567955, -1.2529598, 1.2060062, 2.3371308, 0.24105209, -0.1918714, 0.27824974, -0.58303696, -0.16359952, 0.17142521, -0.7267958, -1.2104623, 0.68796164, 1.0970466, -1.5628518, 1.3874079, 1.6274395, 0.00761989, 0.6649403, 0.47061002, -2.4845536, -0.2282051, -3.0353303, 1.6644189, -0.5945792, 2.0266845, -0.33296257, -2.3019533, -0.01678187, -0.18157087, -2.3970163, -1.2878588, -1.8771095, 2.3691428, 2.5677426, 1.8348056, -1.4581321, 3.0671256, -0.4575883, 0.12325744, -1.5000314, -0.8043252, 1.3896887, 2.1477215, 1.4243127, 0.97141165, -2.186568, 0.02446815, 1.6332724, -0.9344552, 0.9223542]",30,53
135490304,39.88,5.573678796,4.321208566,47.73,Active,COc1cc(Br)cc(C=NNC(=O)C(C)n2cc([N+](=O)[O-])c(OC)n2)c1O,"[-0.50460523, 0.07424194, -1.1702076, 0.34191993, 0.1077882, 1.405309, 1.9876729, -1.8661995, -0.07732814, -0.69275755, -2.1159465, 1.0959774, -1.426097, 1.538512, -2.1204243, 1.4917084, 1.2282883, 1.2009865, -0.95450294, -0.57253593, -1.3199354, 1.5935439, 1.381886, 0.36757448, -0.24109921, -2.1008563, 1.3767653, 0.6749826, -1.281152, 1.3000172, -1.6072603, -0.055747, -1.541952, -2.7498777, 0.88983643, -1.129879, -1.1191224, -1.2907469, 0.8448659, 2.2881396, -1.00284, 2.276428, 1.2335033, -2.5659854, 1.4175005, -2.7032335, 1.8002825, 1.4616277, 1.938935, -1.8131084, 1.8424335, 2.507725, -1.9315977, -0.9218305, -0.02866888, 0.24891874, 0.9605046, -1.852498, 1.4109945, 0.29040393, 0.6749215, -0.1899773, -1.3989837, 0.55628985]",27,53
135433326,29.56,3.984058179,3.989233766,102.51,Active,CCOc1cc(C=NNC(=O)c2cccs2)cc([N+](=O)[O-])c1O,"[-0.69953954, -0.5546605, -1.1546851, -0.03044239, 0.6762869, -1.6401801, 0.973328, 0.33315712, -0.20082779, 1.8436625, -0.36904752, 0.9797075, -0.654365, 0.58572847, -1.4869267, 2.0002189, 1.245121, 1.9570793, 0.71012473, -1.5228782, -0.32568574, 1.1700594, 1.3072546, 0.3531684, -0.1443289, 0.77384675, 0.29052168, 0.00754216, -0.4317374, -0.3609839, 0.31521913, -0.05617585, -1.4676543, -1.4963839, -0.04394827, -1.3321095, -2.447595, -0.9847353, 0.58923197, 0.85843587, -0.30251625, 1.6334931, -0.26716003, -2.4167433, 0.5160631, -2.232111, 1.4693649, 0.65214384, 1.2320968, -0.93050677, 0.724874, 1.5856156, -0.91422844, -1.0326544, -0.3474027, 1.1226722, 0.37782022, -2.4498177, -0.05300767, 0.64880866, 1.5265249, 0.81969863, 0.01128922, 0.6402075]",23,53
3320895,30.13,4.071856992,4.158452835,69.43,Active,O=C(Nc1cc(S(=O)(=O)N2CCCCC2)ccc1O)c1ccccc1NS(=O)(=O)c1ccc(F)c(F)c1,"[-0.5532435, -1.3570921, -2.3722394, -1.877345, -1.0307232, 0.724371, -0.13428693, 0.17318895, 2.4927626, 0.5121611, -0.589634, -2.535865, -0.37826818, 0.39171088, 0.56375146, -2.2998912, -0.22920923, 1.5016516, -0.06092946, 1.628126, -0.28557807, -0.32908145, -0.43784964, 0.8080721, -0.25188243, -3.6682525, 1.3198286, -2.2209003, -2.0050118, 3.5732017, -0.7714641, 3.6504128, -1.177321, -0.5838323, 1.1761318, -3.0327196, -0.92455584, -2.4383788, 0.44471157, 1.1170931, -1.5294926, 1.1472787, -0.07296833, -3.6887465, -2.8441508, -1.3452102, 0.13701448, 0.1287585, 0.1341461, -2.381793, -1.1156837, 0.18570843, -3.149157, -0.22799197, -1.2159659, -2.4669375, 1.0580745, -2.0450852, -0.8552012, -3.8418949, -0.30970305, 2.0906909, -0.17625882, -0.5224891]",37,53
842829,29.66,3.999461479,4.239050049,57.67,Active,Cc1cc(C(=O)NNC(=S)NCc2ccco2)nn1C,"[0.057561833, 0.94338959, 1.2203504, -1.2831951, 0.42318183, 0.25189587, 0.42924666, 1.6815058, 1.4750569, 0.78918499, -1.7254385, -1.0923674, -0.73490053, 1.9557887, -0.14423746, 1.9818053, 1.8574117, -0.1320201, -0.21788155, 2.2862647, 0.16721839, 3.2186837, -0.8344208, 2.0858581, 1.1867486, -1.4617009, -0.19576873, 0.086096942, -1.0215138, -0.36612034, 0.3616021, 0.001498386, -0.84744179, 1.6656415, -0.45619017, -0.2278087, -0.97348624, 2.4255967, 1.7356573, -0.090561315, 0.65428078, 0.88398677, -0.19378175, -1.64876, 0.89764136, -1.4279228, 0.81627709, 0.95708501, 0.15669985, 0.039603837, -0.73804837, 3.2706418, -2.6570446, -1.0739924, -0.89072967, 2.1360269, 1.1043992, -1.2107452, 2.179801, 1.8732531, 1.4391133, 0.76348358, 0.007894191, 0.550978]",20,53
3201397,30.9,4.190462406,4.223516744,59.77,Active,CCc1nnc(NC(=O)CSc2nnc(-c3ccc(NS(=O)(=O)c4ccccc4)cc3)o2)s1,"[-1.2151227, -0.3702975, -0.6074485, 0.4052384, -0.05135855, 1.0406448, 2.198418, 0.08769929, -0.95071864, 2.9877942, -0.54305744, -1.9766662, 0.14094287, 0.95939195, -1.6614157, 1.4654349, 2.1271825, 1.8707676, -0.61773974, -1.1627394, 0.71991235, 2.086774, 0.43140623, -0.9082597, 0.03200031, -1.4528569, 0.84161586, -1.2221081, -2.5240366, 0.01475516, -0.44836345, -0.70690846, -0.798222, -0.9318507, -0.36584678, 0.00638751, 3.2540245, 0.5675117, -0.3345704, 1.9415694, -1.5553023, 2.6099956, 0.3194737, -1.7786776, -1.30315, -1.9348774, -1.7250284, 1.9248829, 1.3087502, -1.784586, -0.07372446, 0.40109488, -2.1384692, 0.90297437, 0.9519939, 2.5752141, 0.893761, -1.9542063, 0.32296512, 2.2768254, -0.4290205, 0.40062183, -0.7207415, 0.24949655]",33,53
2187941,98.34,14.5784483,5.657577319,2.2,Active,CCN1C(=O)C(=Cc2ccc(-c3ccc([N+](=O)[O-])cc3OC)o2)SC1=Nc1cccc(C(=O)O)c1,"[-1.6128632, -0.51776606, -1.7601513, -0.9103861, 1.6913054, 3.2996948, 2.0329301, -0.45150697, 1.593998, 2.1420743, 0.2000705, -1.5131522, -1.2869209, 2.9011064, -0.10289947, 3.5517113, 2.052318, 2.425726, -1.6540418, -4.63073, -1.8282269, 2.7989364, 1.8983601, 1.3136232, -0.22540121, -3.7575572, 2.7984865, -3.0294435, 0.19423218, 3.0676637, -0.32122695, -2.3705952, -1.3726571, -5.138135, 0.38109428, -2.0978, 1.7182407, -0.482467, 0.9679936, 2.5085113, -0.9803007, 3.193844, 1.0234811, -5.017565, 0.80572003, -4.484685, 3.4111347, 2.2560217, 1.9421301, -5.1038656, 1.8349909, 3.9157987, -3.2413094, -0.9353817, -1.0304915, 2.6739395, 3.3266213, -3.1142073, 1.6522965, 2.0541134, 2.7657945, 3.1514761, -0.19189371, 1.56805]",35,53
650709,33.03,4.518552708,4.212327035,61.33,Active,CC(=O)Nc1cccc(NC(=O)C2CCCN2C(=O)Nc2ccc(C)cc2)c1,"[-0.28628382, -1.5666819, 2.5935698, 0.47839797, -0.4681113, 0.18351363, 1.125144, -1.3897805, -1.9176133, 1.9073595, 0.7129024, 0.97700334, -0.45694646, -1.972666, -2.5662365, -3.4201818, 2.3839068, 0.31394067, 0.6884954, 0.62249196, 1.496536, -1.6045333, -2.211294, -0.39776024, 0.4157428, -0.445266, -0.43228853, 0.7785339, -0.77452147, -2.3150547, 0.9676529, -2.1422513, -0.33700675, 2.24727, -1.6975251, 2.8187814, 1.2614237, 0.21795395, -0.0568225, -2.4142199, -0.35852802, -1.0733505, -0.7328575, -0.46907854, 1.3999467, 2.3311236, -0.9825743, -0.5193319, -0.03131432, -0.31921244, -1.5154423, -1.3399552, -0.6431915, -3.3293345, -1.1888924, -0.54170614, 2.775521, 2.2372649, 0.48539802, 2.601812, -0.8885848, -4.0695243, -0.11019998, -0.53936183]",28,53
2101716,29.25,3.936307947,4.371815492,42.48,Active,NC(=O)c1ccc(Oc2ccc3ccc(=O)oc3c2)c([N+](=O)[O-])c1,"[-1.0003343, -0.16579609, -1.6000001, 0.4614637, 0.5890403, 0.46096405, 1.4434605, -0.8517422, 0.9800256, 1.7915212, -0.34995615, -1.2350682, 1.46754, 0.6774285, -0.4418586, 1.9741687, 2.0740182, 0.4771575, -1.3601199, -1.3705665, -0.6847473, -0.43222862, 1.9946496, 0.87125236, -2.075909, -1.2897618, 2.5786138, -0.8903919, 2.4535384, 1.5390594, 0.15820372, 1.2840118, 0.21796508, -0.8987991, 0.21867804, -1.0760298, 1.5124048, -1.4415668, 2.431764, 0.13312472, -0.90360445, -0.69630665, -0.21325903, -3.2960892, 0.25030735, -1.7115583, 1.3571137, 1.0432556, 0.8915556, -1.1903342, 1.6651899, -0.02935884, -0.3668615, -0.34340733, 0.04803945, -1.2321956, -1.8973598, 0.68285346, -1.5233959, -2.6749437, 1.3815899, 2.6156697, 0.06598477, -1.2295142]",24,53